title,url,username,tags,viewers
ýýý  ýýýý ýýýý ýýýý Cozy Monday Chatting + Drawing a Summer art piece of you and me! ýýý  ýýýý ýýýý ýýýý ýýý !patreon !uwu,/milky,,"['hag', 'mommy', 'English', 'Chatty']",1
Art Coworking Stream! We're doing some Concept Art homework today - a very unsuspicious Old Bear!,/lavenderbun_art,,"['artist', 'cute', 'LurkersWelcome']",16
Beyond the Kit with Rhonda Bender! #125,/reaperminiatures,,"['MiniatureFigures', 'miniaturePainting']",17
[18+] [ToonDog] #ArtFight How long can one puppy stay focused? | Song Request: ON !ssr -> Spotify Link,/adigitaldog,,"['ToonDog', '18pluschannel']",23
ARTFIGHT DAY 22!!!! FRIENDLY FIRE AND LAST STREAM TILL IM BACK IN AUGUST!!! ATTACKING @ayaaaboo |TEAM STARDUST| !Discord !Artfight,/gigimarz,,"['artist', 'pngtuber', 'English', 'furry']",26
COMFY SKETCHING !gsupps !socials,/lanalane,,"['Comfy', 'reformed', 'NERD']",33
"MONDAY KHANCEPTS: Work, Work, Work !merch | !coffee | !patreon |",/yungkhan,,"['PixelArt', 'English', 'StreamAvatars']",41
ýýýýI Am Feesh Frog Thingy Thingýýýý Live2D Model Addiction,/demonqueenvivi,,"['LGBTQIAPlus', 'English', 'frog']",41
art debt and shrek musical,/smulchypansie,,"['vtuber', 'nobackseating', 'seiso']",42
focus shoora let's goooo,/shuratoshi,,['English'],43
18+ |SEXY PREACHER COMMISSION| Commissions OPEN | LiqDnB | Feral Chat,/theniceladyoverthere,,"['lgbt', 'english', 'liquiddnb']",44
ýýýýMAKING MORE HEADS ROLL ADN THEN BACK TO OVERDUE COMMS ýýýýýýýýýýýý(!kickstarter),/zombi3guts,,"['Horror', 'Vtuber', 'English']",60
"Colouring ""Squeaky Seamstress"" Art",/bayleejae,,['English'],61
Deer-a-thon Day 9: Icarus,/dripthedeer,,"['Eternal', 'pngTuber', 'Deer', 'Furry']",62
rendering,/voidbrush,,"['Illustration', 'art', 'Painting']",63
10streamsinarowï¿½ï¿½ï¿½ï¿½ï¿½ï¿½ï¿½ï¿½ï¿½ï¿½ï¿½ï¿½ï¿½- WORKAHOLIC CATGIRL HOURS- Live 2D Riggingï¿½ï¿,/spatsula,,"['English', 'Canadian', 'catgirl']",65
i can be your angle ï¿½ï¿½ï¿½ï¿½ or your de,/andou,,"['hag', 'Vtuber', 'girlfailure']",72
Maybe Meaningfully Productive Today?,/stevesketches,,"['Drawing', 'chill', 'English']",75
"!qotd !classes !lessons Painting stuff for a living. Chat with me, ask me questions",/brushforhire,,"['modeling', 'ï¿½ï¿½ï¿½ï¿½ï¿½ï¿½ï¿½ï¿½'",82
ýýýýýýýýýýýýýýýBara artist can draw more than you thinkýýýýýýýýýýýýýýý// Let's hangout! // ENG/FR // !kofi,/deadanthro,,"['Gnolls', 'Vtuber', 'Himbo', 'Bara']",84
Welcome into the Void !throne !socials,/isamaraart,,"['lgbtqplus', 'horror', 'digitalart']",84
[MIC OFF] doodling things ï¿½ï¿½ï¿½ï,/nacu,,"['English', 'vtuber', '18plus', 'catgirl']",87
18+ | losing all brain cells by rigging,/roxoah,,"['Asexual', 'English', 'Bisexual']",91
"Psst. Wanna hang out, kid? Tomato's online!",/philtomato,,"['art', 'English']",117
The Sibling Shart Show | !discord !shart !makers,/mocomade,,"['TraditionalArt', 'LGBTQIAplus', 'Art']",123
"Mask maker, heart breaker.",/grumbly,,"['darkart', 'NewZealand', 'Artist']",129
x ï¿½ï¿½ï¿½ comm work | emotes for @ninhuntress |,/uyuart,,"['English', 'CoWorking', 'DigitalArt']",135
ýýý I can't believe Im drawing feets ! !throne !merch ýýý,/anntan,,"['English', 'ComfyChaotic', 'Adhd']",148
bra(n)t week begins | !ceasefire !shop !code,/ipaintbirbs,,"['followdudlik', 'traditionalart']",265
I'm becoming HUMAN !merch !comms !model,/honey_goblin,,"['goblin', 'English', 'relax', 'nervous']",990
